{"count":1,"gauges":{"JumperLearning.CumulativeReward":{"count":10,"max":27.52628,"min":-1.09081125,"value":5.69413567,"weightedAverage":4.268612}},"self":93.1481664,"total":94.681434299999992,"children":{"AgentSendState":{"count":4703,"self":0.0394773,"total":0.0444884,"children":{"CollectObservations":{"count":945,"self":0.0050111,"total":0.0050111,"children":null}}},"DecideAction":{"count":4703,"self":0.9286017,"total":1.4710606,"children":{"RayPerceptionSensor.Perceive":{"count":945,"self":0.5424589,"total":0.5424589,"children":null}}},"AgentAct":{"count":4703,"self":0.016719599999999998,"total":0.016719599999999998,"children":null}}}