{"count":1,"gauges":{"JumperLearning.CumulativeReward":{"count":1,"max":30.5025558,"min":30.5025558,"value":30.5025558,"weightedAverage":30.5025558}},"self":26.2559184,"total":26.2743847,"children":{"AgentSendState":{"count":1292,"self":0.0049061,"total":0.0088262,"children":{"CollectObservations":{"count":259,"self":0.0039201,"total":0.0039201,"children":null}}},"DecideAction":{"count":1292,"self":0.0048514,"total":0.0048514,"children":null},"AgentAct":{"count":1292,"self":0.0037914,"total":0.0037914,"children":null}}}