{"count":1,"gauges":{"JumperLearning.CumulativeReward":{"count":1,"max":30.512989,"min":30.512989,"value":30.512989,"weightedAverage":30.512989}},"self":32.937174399999996,"total":32.9505677,"children":{"AgentSendState":{"count":1624,"self":0.0105731,"total":0.0114875,"children":{"CollectObservations":{"count":326,"self":0.0009144,"total":0.0009144,"children":null}}},"DecideAction":{"count":1624,"self":0.000922,"total":0.000922,"children":null},"AgentAct":{"count":1624,"self":0.00098479999999999987,"total":0.00098479999999999987,"children":null}}}