{"count":1,"gauges":{},"self":27.986950399999998,"total":28.019737799999998,"children":{"AgentSendState":{"count":1380,"self":0.0138993,"total":0.014875099999999999,"children":{"CollectObservations":{"count":276,"self":0.0009758,"total":0.0009758,"children":null}}},"DecideAction":{"count":1380,"self":0.0079642,"total":0.0079642,"children":null},"AgentAct":{"count":1380,"self":0.0089508,"total":0.0089508,"children":null}}}